proceedings,질문,답변,현재 Chatbot 답변,문제점,
1,모방과 관련된 농담찾아줘.,"20250603_회의록1
참석자 1 23:32 원래 모방이 아닌 장조의 어머니라고 하잖아.","회의록에서 ""원래 모방이 아닌 장조의 어머니""라는 문구를 직접 검색하고자 했으나, 검색 도중 오류가 발생했습니다. 이와 관련된 농담이나 발언이 있었는지 찾을 수 없었습니다. 다른 방법이나 추가 정보를 제공해 주시면 더욱 도움을 드릴 수 있도록 하겠습니다.죄송합니다. 검색 도중 오류가 발생했지만, '20250603_회의록1'에 해당 문구가 포함되어 있었는지 확인할 수 없었습니다. ",,
2,랭그래프와 CLI에 대한 내용 찾아줘,"2025년 05월 24일 회의록
참석자 4 1:40:59 지금 밑에 터미널 쪽에 제가 나오고 있는 부분이 아까 잠깐 랭 그래프 스튜디오 를 CLI로 스튜디오 형태로 볼 수 있길래 그거 테스트해 보고 있었습니다. ","죄송하지만, 요청하신 문서에서 랭그래프와 CLI에 대한 특정 내용을 찾을 수 없었습니다. 혹시 다른 방법으로 검색을 시도하거나, 추가적인 정보를 제공해주시면 더욱 도움을 드릴 수 있도록 하겠습니다.",,
3,회의록에서 선거와 관련된 농담 알려줘,,"회의록에서 발견한 선거 관련 농담은 다음과 같습니다:

- 참석자들이 국회의원 출마와 관련된 이야기를 나누며, ""혹시 몰라서 싹 다 해놓고 있어 아예 꺼놓고 안 킬까 봐 내가 까먹고""라는 맥락에서 출마를 농담으로 다루고 있습니다.
- 참석자 중 한 명이 나중에 출마할 것을 염두에 두고 있다는 식으로 이야기를 하며, 농담 섞인 대화가 이어졌습니다.

이와 같은 대화는 2025년 5월 31일 회의록에서 확인되었습니다.회의록에서 선거와 관련된 농담은 다음과 같습니다:

- 참석자들이 국회의원 출마에 대해 이야기하며, 출마 준비를 하고 있지만 정작 출마 자체는 안 할까 봐 걱정하는 농담이 있습니다.
- 또 다른 참석자가 출마 가능성을 농담처럼 언급하며 대화가 이어졌습니다.

이 내용은 2025년 5월 31일 회의록에 기록되어 있습니다. 추가적인 도움이 필요하다면 말씀해 주세요!",,
4,네이버 스쿨에 대해서 대화했었나?,참석자 1 27:13100만 원이요. 예 카피 삼성에서 하는 삼성전자 네이버에서 했던 것처럼 그런 거여서 코디에스 보고 근데 부트캠프 있어봤자 그 이자가 안 봐요.아무리 이름이 있어도 옛날에 딱 한 개 있었어요. 네이버 스쿨이라고 있었어요.네 맞아요. 네 그거 네이버 제가 그때 말씀드렸는지 모르겠는데 네이버에서 옛날에 학원을 만들었어요.진짜 학원에 거기가 1기가 2기가 끝이에요.,"회의록에서 ""네이버 스쿨""에 대해 다음과 같은 대화가 있었습니다.

네이버에서 예전에 큰 꿈을 가지고 만들었던 학원으로, ""네이버 스쿨""이라고 불렸던 프로그램이 있었는데 그것은 1기와 2기로 끝났다고 합니다.

해당 회의에서는 이 프로그램에 참가했던 어느 친구 이야기가 나왔습니다. 그는 대학을 중퇴하고 네이버 스쿨에 갔었고, 그곳에서 주로 코딩에 중점을 두며 수학했으며, 학원 종료 후 네이버나 라인에 연계될 예정이었지만 결국 프로그램 자체가 실패하여 종료되었다는 경험담을 이야기했습니다. 이후 그는 라인과 네이버 모두 입사 지원을 하여 합격했다는 내용도 언급되었습니다.

이 정보는 2025년 5월 27일 회의에서 다루어졌습니다. 더 궁금한 점이 있으면 알려주세요!회의록에서 ""네이버 스쿨""에 대한 대화는 다음과 같습니다:

- 네이버 스쿨은 네이버가 큰 꿈을 가지고 시작했던 학원으로, 1기와 2기로 구성되었으나 종료되었습니다.
- 대화에서는 대학교를 중퇴하고 네이버 스쿨에 참가했던 친구의 경험담이 언급되었습니다. 그는 코딩 중심으로 학습했고, 프로그램 종료 후 네이버나 라인에 입사 지원해 합격한 이야기가 나왔습니다.
- 해당 대화는 2025년 5월 27일 회의에서 이루어졌습니다.",,
5,방탄소년단용 서버가 언급된 적 있나?,참석자 1 10:27뭐 코로나 연도라든지 그런 트래픽이 좀 많았을 것 같은 그런 연도로 한번 써봐요.예를 들면 카카오 이제 멜론이나 이런 데는 그런 게 있어요.옛날에 방탄소년단용 서버가 따로 있거든요. 방탄소년단 같은 사람이 신곡을 내면 그 트래픽 같은 것 때문에 서버를 증설하거나 1월 1일 때 카카오톡 서버를 증설하거나 이러거든요.지금은 그런 게 좀 많이 없어지긴 했는데 옛날에는 그때 가끔 여러분들은 겪어보셨을지 모르겠는데 1월 1일 딱 되면 메시지 보낸다고 특집,"회의록에서 ""방탄소년단용 서버""에 대한 언급은 발견되지 않았습니다. 다른 관련 정보를 찾거나 추가적인 도움이 필요하시다면 말씀해 주세요!회의록에서 ""방탄소년단용 서버""에 대한 언급은 발견되지 않았습니다. 다른 주제나 추가 정보를 찾고 싶으시면 말씀해 주세요!",,
,,,,,
product,질문,답변,현재 Chatbot 답변,문제점,
1,DBaaS for MySQL 8은 어떤 데이터베이스를 사용해?,"DBaaS for MySQL 8 서비스는 최신 MySQL 데이터베이스 엔진(MySQL 8. 0. 33) 기반의 관리형 DB 서비스를 제공합니다. DBaaS for MySQL 8을 외부에서도 사용이 가능한가요? 외부 접근 가능 (Access 설정)에 대한 옵션이 제공 되며, 해당 기능을 통해 외부에서도 접근 가능 합니다. ","DBaaS(Database as a Service) for MySQL 8은 기본적으로 MySQL 8 데이터베이스를 사용합니다. 이는 MySQL의 최신 버전 중 하나로, 고성능과 확장성을 제공하며, 다양한 최신 기능들이 포함되어 있어 클라우드 환경에서의 사용에 최적화되어 있습니다. DBaaS는 클라우드를 통해 관리가 이루어져, 사용자가 물리적인 하드웨어나 인프라 관리 없이 데이터베이스를 사용할 수 있게 해줍니다.",,
2,Connect Hub가 뭐야?," Connect Hub는 대외 고객사 시스템 환경과 kt cloud 내부, IDC 등 다수의 Cloud를 원포인트로 연동할 수 있는 kt cloud의 연결허브입니다. Connect Hub를 통해 고품질의 안정적인 NW 환경에서 하나로 연결된 Hybrid Cloud를 간단하게 구성할 수 있습니다","Connect Hub는 다수의 클라우드를 원포인트로 연동할 수 있는 kt cloud의 연결 허브입니다. 이를 통해 고객들은 고품질의 안정적인 네트워크 환경에서 하나로 연결된 하이브리드 클라우드를 간단하게 구성할 수 있습니다.

### 주요 특장점
1. **네트워크 운영 효율화**: 여러 연동이 필요 없이 하나의 Connect Hub 서비스만으로 고객 장비, 클라우드 접속 기능을 구현할 수 있습니다.
2. **네트워크 품질 및 보안성 향상**: 외부 경로를 우회하지 않고, kt cloud와 제휴사 클라우드를 직접 내부 연동하여 Hop, Latency를 감소시켜 네트워크 품질을 향상시키고 보안 안정성을 높였습니다.

Connect Hub는 각 존 간의 연결성을 제공하며, 방화벽 정책 설정 및 관리도 가능합니다. 서비스 신청 후 추가적인 라우팅 및 방화벽 설정을 통해 사용할 수 있습니다.",,
3,VPN에 대한 상품도 있어?," VPN 상품 개요 목적/특징 Cloud 환경 외부에 위치한 고객사 Site와 고객의 Cloud 환경을 사설망으로 연결하여, 고객의 Data Center 유연성 확장 및 Hybrid cloud 환경을 제공합니다. ","VPN 상품 개요
- **목적/특징:** 고객사의 Site와 클라우드 환경을 사설망으로 연결하여 데이터 센터의 유연성을 확장하고 하이브리드 클라우드 환경을 제공합니다.
- **보안성:** IPSec-VPN을 통한 터널링 기술을 사용하여 고객의 트래픽을 분리 및 보호합니다. 사용자가 전용망처럼 안전하게 통신할 수 있습니다.
- **비용 절감:** 별도의 네트워크 구성이 필요 없어 기업 통신 비용을 절감할 수 있습니다.

### VPN 신청 프로세스
- **서비스 구조:** 고객사 장비와 클라우드 VM을 CIP를 통해 연동합니다.
- **연동 경로:** 고객사 서버팜에서 kt CDC VPN 장비를 거쳐 Public Cloud VM과 연결됩니다.
- **VPN 장비:** 공용 VPN 장비로 Cisco 장비가 권장됩니다.

### 특장점 및 유의사항
- 설정 작업은 적지 않은 시간이 소요되며, 최소 3일 이상의 업무일이 필요합니다.
- 고객사 VPN 장비는 이중화를 권장하며, 이중화되지 않을 경우 장애지점이 될 수 있습니다.

이와 관련하여 더 궁금한 점이 있거나 필요한 정보가 있으면 알려주세요!VPN과 관련된 상품은 다음과 같습니다:

- **목적 및 특징:** 고객사의 사이트를 클라우드 환경과 사설망으로 연결하여 하이브리드 클라우드 환경을 지원하며, 보안성을 강화합니다.
- **보안성:** IPSec-VPN 터널링 기술을 사용해 트래픽을 분리하고 보호하여, 전용망처럼 안전한 통신을 제공합니다.
- **비용 절감:** 별도 네트워크 구성 없이 운영 비용을 최소화할 수 있습니다.

VPN은 고객사 장비와 클라우드 VM을 연동하며, 공용 VPN 장비(예: Cisco 장비)를 사용하여 설정하는 방식으로 제공됩니다. 설정 시에는 약 3일 정도의 시간이 필요할 수 있습니다.",,
4,AI SERV 이용 방법 알려줘,"AI SERV는 D1 플랫폼의 DX-DCN-CJ 존에서만 제공됩니다. 상품 신청 시 최초 1회는 신규 존(DX-DCN-CJ)을 생성하는 과정이 필요합니다. 콘솔 상단 'Platform' 메뉴를 클릭합니다. 화면에서 D1 플랫폼과 그 하위의 DX-DCN-CJ존을 선택한 후 '신청' 버튼을 클릭합니다. D1 플랫폼의 DCN-CJ 존 최초 신청을 위한 화면으로 넘어가고, 'DCN-CJ 신청하기' 버튼을 클릭하여 존을 생성합니다. 존 생성은 통상 약 5분이 소요되며, 존 생성이 완료된 후 다음 단계를 진행합니다. 좌측 메뉴 상단의 ‘+All Services’ 에서 “서비스 신청” 버튼을 클릭 후 AI SERV 상품에 대해 “신청하기”를 클릭해서 상품을 신청합니다.",". **서비스 신청:**
- AI SERV는 D1 플랫폼의 DX-DCN-CJ 존에서 이용 가능합니다. 따라서 최초 신청 시, 새로운 존(DX-DCN-CJ)을 생성해야 합니다.
- 콘솔 상단의 'Platform' 메뉴에서 D1 플랫폼을 선택하고, 그 하위의 DX-DCN-CJ 존을 선택하여 '신청' 버튼을 클릭합니다.
- DCN-CJ 존 생성을 위한 화면으로 이동하여 'DCN-CJ 신청하기' 버튼을 클릭합니다. 존 생성은 약 5분이 소요됩니다.
- 존 생성 완료 후, 좌측 메뉴 상단의 '+All Services'에서 '서비스 신청' 버튼을 클릭한 후 AI SERV를 신청할 수 있습니다.

2. **Jupyter 환경 사용:**
- 실행 중인 컨테이너를 관리하며, 메인 탭에서 컨테이너를 선택 후 ‘앱 실행’ 버튼을 클릭합니다. 이때 Jupyter Notebook을 사용할 수 있습니다.
- 추가 설정 없이 바로 Jupyter Notebook을 사용하며, 기본 언어 환경 및 라이브러리를 활용할 수 있습니다.
- 데이터 보존을 위해, 삭제 시에도 보존할 파일은 Data 폴더에 저장하는 것이 좋습니다.

3. **ipynb 파일 활용:**
- Jupyter 환경에서 NEW 버튼을 클릭하고 AI SERV용 Notebook을 선택하여 코드를 작성하고 실행할 수 있습니다.",,
5,DBaaS for PostgreSQL 상품 알려줘,"DBaaS for PostgreSQL은 PostgreSQL 데이터베이스를 편리하게 배포하고 운영할 수 있는 서비스입니다. Master/Replica구조를 자동으로 구성하여 고가용성과 읽기 부하 분산을 제공합니다. 또한 UI로 간편하게 구조 변경이 가능하며, 실수를 예방하고 안정적으로 DB 서비스를 이용할 수 있는 다양한 관리 기능을 제공합니다.","상품 개요
- **사용 목적:** 고가용성과 읽기 부하 분산을 제공하며, DB 구조를 UI로 간편하게 변경할 수 있습니다.
- **고가용성:** Master/Replica 구조를 갖추어 고가용성 및 읽기 부하 분산을 지원합니다.
- **안정성:** PostgreSQL 장애 발생 시 자동으로 Fail Over/Fail Back을 수행합니다.
- **관리 기능:** 파라미터 그룹 관리, 다양한 백업 기능, 모니터링 및 알람 기능을 제공합니다.

### 서비스 구조
- **DB 인스턴스 구성:** 고객 네트워크 내에 VM 형태로 생성되며, Standalone과 Master/Replica 두 가지 구성을 지원합니다.
- **모니터링 VM:** 자동 장애 대응을 위한 모니터링 VM이 추가적으로 생성됩니다.

### 지원 환경 및 범위
- **지원 위치(존):** kt cloud의 DX-M1, DX-Central 존과 공공 클라우드의 DX-G, DX-G-YS 존에서 사용 가능합니다.
- **외부 접근:** 외부 접근 옵션이 제공되어 외부에서도 접근할 수 있습니다.

### 사용 방법
- **서비스 신청:** kt cloud 포털의 'All Services' 메뉴에서, 'DB > DBaaS for PostgreSQL'을 선택하여 서비스 신청 후 사용 가능합니다.",,
,,,,,
technical,질문,답변,현재 Chatbot 답변,문제점,
1,무선망 최적화의 핵심 목표는?,"서비스 커버리지와 용량을 극대화하면서도 품질 저하 없이 자원 사용을 최적화하는 것입 니다. → 드롭률 감소, 핸드오버 성공률 향상, 데이터 속도 개선이 주요 지표입니다 ","무선망 최적화의 핵심 목표는 서비스 커버리지와 용량을 극대화하면서도 품질 저하 없이 자원 사용을 최적화하는 것입니다. 이는 드롭률 감소, 핸드오버 성공률 향상, 데이터 속도 개선과 같은 주요 지표를 통해 측정됩니다. 추가적인 질문이나 다른 정보가 필요하시면 말씀해 주세요!무선망 최적화의 핵심 목표는 서비스 커버리지와 용량을 극대화하여 자원 효율을 최적화하는 것입니다. 이를 통해 드롭률 감소, 핸드오버 성공률 향상, 데이터 전송 속도 개선 등의 지표를 향상시켜 사용자 경험을 최적화합니다. 추가적인 정보가 필요하시면 언제든지 말씀해 주세요!",,
2,해외 로밍 시 인터넷은 어떻게 연결돼요?,가입자가 해외에 진입하면 로밍 대상 국가의 MNO 네트워크에 자동 접속 → Location Update 요청 → Home PLMN 인증 및 정책 확인 → Data/IP 세션 설정 순으로 진행됩니다 .,"**이슈 예측 및 대응 방안**: 방탄소년단의 신곡 출시와 같은 경우 서버 부하가 예상되므로, 카카오톡 등의 플랫폼에서 미리 서버를 확충하는 방식으로 대비한다고 합니다. 이는 예상되는 트래픽 증가를 효율적으로 관리하기 위한 것입니다.

이와 같은 상황에서 트래픽이 특히 증가할 가능성이 높은 이벤트에 대비하여 사전에 서버 자원을 늘림으로써 부하를 관리 및 최소화할 수 있다는 전략이 논의된 바 있습니다.

이에 대해 더 궁금한 사항이 있거나 다른 주제를 원하시면 말씀해 주세요!해외 로밍 시 인터넷 연결 방식에 대한 정보는 다음과 같습니다:

로밍은 모바일 네트워크 간 협약을 통해 사용자가 해외에서도 원활하게 통신 및 데이터 서비스를 이용할 수 있도록 합니다. 사용자가 해외에 도착하면 현지의 이동통신사의 네트워크에 자동으로 연결되어 인터넷 사용이 가능합니다. 이 과정은 다음과 같은 단계로 이루어집니다:

1. **자동 연결**: 로밍 기능이 활성화된 상태에서 해외에 도착 시, 휴대폰은 자동으로 현지 네트워크에 연결됩니다.
2. **네트워크 선택**: 휴대폰 설정이나 운영사에 따라 로밍 파트너 네트워크가 자동으로 선택됩니다.
3. **데이터 서비스**: 현지 네트워크를 통해 데이터 송수신이 가능하게 되며, 사용 요금은 원래의 국내 네트워크를 통해 청구됩니다.",지금은 회의록으로 넘어가고 있음. 기술문서라고 하면 제대로 답변함,". **기본 통신 절차**:
- 가입자가 해외에 진입하면 로밍 대상 국가의 MNO 네트워크에 자동으로 접속됩니다. 이후 Location Update 요청 → Home PLMN 인증 및 정책 확인 → Data/IP 세션 설정 순으로 진행됩니다.

2. **트래픽 전달 방식**:
- 시그널링 트래픽은 SS7/MAP 또는 Diameter over IP를 통해 전달됩니다.
- 데이터 트래픽은 IPX망 또는 S8 Home Routing 방식으로 전송되며, 특히 LTE/5G에서는 S8HR과 LBO 방식에 따라 과금 위치도 달라집니다.

3. **S8HR과 LBO 방식의 차이**:
- S8HR (S8 Home Routing): 트래픽이 HPLMN(자국망)으로 우회됩니다.
- LBO (Local Breakout): 트래픽이 VPLMN(방문국 망)에서 직접 인터넷으로 나갑니다. S8HR은 정책 통제가 용이하나 지연이 길고, LBO는 저지연이나 통제에 제약이 있습니다."
3,통신망 아키텍처의 기본 구성요소 알려줘,"통신망은 크게 세 가지 구성 요소로 나뉩니다 : - Access Network (접속망 ): 사용자의 단말(스마트폰 등)을 기지국 (BTS, eNodeB, gNodeB 등)에 연결하는 부분으로 , 사용자가 네트워크에 처음 접속하는 지점입니다 . - Transport Network (전송망 ): 접속망과 코어망을 연결하는 역할을 하며, 고속 데 이터 전송이 이루어지는 백본망입니다 . 주요 장비로는 스위치 , 라우터 , 광전송장비 (OTN, DWDM 등)가 있습니다 . - Core Network (코어망 ): 사용자 인증, 세션 제어, 인터넷 게이트웨이 역할을 수행 하며, 전체 트래픽을 제어하고 처리합니다 . 4G에서는 EPC, 5G에서는 NGC가 대표적입니다 .","통신망 아키텍처의 기본 구성요소는 다음과 같습니다:

1. **Access Network (접속망)**:
- 사용자의 단말(예: 스마트폰)을 기지국(BTS, eNodeB, gNodeB 등)에 연결합니다.
- 사용자들이 네트워크에 처음 접속하는 지점입니다.

2. **Transport Network (전송망)**:
- 접속망과 코어망을 연결하는 역할을 하며, 고속 데이터 전송을 지원합니다.
- 주요 장비로는 스위치, 라우터, 광전송장비(OTN, DWDM 등)가 사용됩니다.

3. **Core Network (코어망)**:
- 사용자 인증, 세션 제어, 인터넷 게이트웨이 역할을 수행합니다.
- 전체 트래픽을 제어 및 처리하며, 4G에서는 EPC, 5G에서는 NGC가 대표적인 코어 네트워크입니다.",,
4,통신망 장애 발생 시 초기 대응 절차,장애 발생 시 다음과 같은 순서로 대응합니다 : 1. 장애 탐지 (NMS 알람 또는 고객 VOC) 2. 장애 등급 분류 (Major/Critical 등) 3. 즉시 알림 및 상황 공유 (SMS/Slack/ 이메일 ) 4. 장애 접수 및 조치자 지정 5. 원인 분석 및 대응 시작 (1시간 이내),"통신망 장애 발생 시 초기 대응 절차는 다음과 같습니다:

1. **장애 탐지**: NMS 알람이나 고객의 불만(VOC)을 통해 장애를 식별합니다.
2. **장애 등급 분류**: 장애의 심각성을 기준으로 Major, Critical 등급으로 분류합니다.
3. **즉시 알림 및 상황 공유**: SMS, Slack, 이메일 등을 활용하여 관련 팀과 정보를 즉각 공유합니다.
4. **장애 접수 및 조치자 지정**: 장애 내용을 공식적으로 접수하고, 담당자/팀을 지정하여 책임을 명확히 합니다.
5. **원인 분석 및 대응 시작**: 장애 발생 후 1시간 이내에 원인 분석을 시작하여 조치를 취합니다.
",,
5,"고객 이탈 예측을 하려고 하는데, 모델 추천해줘","목적: 이탈할 가능성이 있는 고객을 사전에 분류 2. 추천 모델: 로지스틱 회귀, 랜덤 포레스트 , XGBoost 3. 이유: - 로지스틱 회귀는 해석이 쉬워 주요 영향 요인 설명 가능 - 트리 기반 모델은 변수 간 복잡한 상호작용을 반영하고 예측 정확도도 높음 - 고객 수가 많고, 피처도 다양할 경우 앙상블 모델이 유리","예상치 못한 문제가 발생하여 고객 이탈 예측을 수행하지 못했습니다. 고객의 이탈을 예측하기 위해 일반적으로 다음과 같은 머신러닝 모델을 추천합니다:

1. **로지스틱 회귀(Logistic Regression)**: 이진 분류 문제에 적합한 모델로, 예측 결과를 확률로 제공하여 해석이 용이합니다.
2. **랜덤 포레스트(Random Forest)**: 여러 의사결정 트리를 사용하여 정확도를 높이는 모델로 변동성이 적고 성능이 안정적입니다.
3. **Gradient Boosting Machines (GBM)**: 여러 약한 예측 모델들의 앙상블을 통해 예측 성능을 개선하는 기법입니다.
4. **XGBoost**: GBM의 확장판으로서 학습 속도와 성능이 뛰어나 많은 경진대회에서 사용됩니다.
5. **LSTM**: 고객의 시간에 따른 행동 패턴을 분석할 때 유용합니다.",,
6,MLOps 모델 배포는 어떤 방식으로 진행돼?,"일반적으로 REST API 형태로 모델을 서비스화하며 , Flask/FastAPI + Docker 를 조합하 여 배포합니다 . 2. 배포 대상에 따라 Batch 예측, Streaming 예측, Real-time API 예측 중 적절한 방식을 선택합니다 . 3. 클라우드 환경(GCP/AWS/Vertex AI/SageMaker 등)을 활용하면 Auto-scaling 및 CI/CD 연동이 쉬워집니다 .","MLOps 환경에서 모델 배포는 다음과 같은 방식으로 진행됩니다:

1. **컨테이너화(Containerization)**:
- 도커(Docker) 같은 컨테이너 툴을 사용하여 모델을 패키징하여 환경과 독립적으로 일관되게 배포할 수 있게 합니다.

2. **CI/CD 파이프라인(CI/CD Pipeline)**:
- 지속적 통합(Continuous Integration)과 지속적 배포(Continuous Deployment) 파이프라인을 설정하여 모델 개발부터 배포까지 자동화합니다.
- Jenkins, GitLab CI, GitHub Actions 등을 활용할 수 있습니다.

3. **모델 관리 시스템**:
- MLflow, DVC(Data Version Control) 등으로 모델 버전 관리 및 실험 추적을 통해 모델의 지속적인 개선과 추적 가능성을 높입니다.

4. **클라우드 서비스**:
- AWS SageMaker, Google Cloud AI Platform, Azure Machine Learning과 같은 플랫폼을 통해 클라우드 환경에 쉽게 배포하고 운영합니다.

5. **모니터링 및 로깅**:
- 모델의 성능 모니터링 및 로그 관리를 통해 실시간으로 모델의 상태를 점검하고 필요한 경우 즉각적으로 대처합니다.",,
,,,,,
policys,질문,답변,현재 Chatbot 답변,문제점,
1,급여는 언제 지급되나요,"급여는 매월 말일 기준으로 익월 5일에 지급됩니다 . 예를 들어 5월 근무분은 6월 5일에 입금되며 , 주말 또는 공휴일인 경우 직전 평일에 지급됩니 다. 급여는 사전에 제출한 통장으로 자동 입금됩니다 .","급여 지급일은 회사마다 다르며 종종 고용 계약서나 회사 정책에 명시되어 있습니다. 일반적으로 매월의 특정 날짜에 지급되는 경우가 많으며, 대개 월 단위로 계산됩니다. 만약 특정한 날짜에 대한 회사의 정책이 필요하시다면 인사팀에 문의하시거나 회사의 인사관리 시스템을 참조하시면 됩니다. 추가 질문이 있으면 언제든지 말씀해 주세요!",같은 세션에서 질문시 답변을 못함,"보상 및 급여 관련 제도에 따르면, 급여는 매월 말일 기준으로 익월 5일에 지급됩니다. 예를 들어 5월 분 급여는 6월 5일에 입금됩니다. 만약 5일이 주말이나 공휴일과 겹칠 경우, 급여는 직전 평일에 지급됩니다. 급여는 직원이 사전에 제출한 통장으로 자동 입금됩니다.

추가적인 정보가 필요하시거나 다른 질문이 있다면 말씀해 주세요!회사의 정책에 따르면, 급여는 매월 말일 기준으로 익월 5일에 지급됩니다. 예를 들면, 5월 급여는 6월 5일에 입금됩니다. 만약 지급일이 주말이나 공휴일이면, 직전 평일에 지급됩니다. 추가 질문이 있거나 다른 정보가 필요하시면 언제든지 말씀해 주세요!"
2,성과급은 어떻게 산정되며 언제 지급되나요 ?,"성과급은 연간 회사의 사업 실적 및 개인 성과를 반영하여 매년 3월에 일괄 지급됩니다 . - 조직성과급 : 부서별 KPI 달성률 기반 - 개인성과급 : 개인 평가 등급에 따른 차등 지급 - 예: 평가등급 S = 기본급의 100%, A = 70%, B = 40% 수준 전체 성과급 규모는 연간 이사회 승인된 범위 내에서 결정됩니다 .","성과급은 회사의 연간 사업 실적과 개인의 성과를 바탕으로 산정되며, 매년 3월에 지급됩니다. 또한, 성과급은 두 가지로 나뉩니다:

- **조직성과급**: 부서별 KPI 달성률을 기반으로 산정됩니다.
- **개인성과급**: 개인의 평가 등급에 따라 다르게 지급됩니다. 예를 들어, 평가등급이 S인 경우 기본급의 100%, A이면 70%, B는 40% 수준입니다.

성과급의 전체 규모는 연간 이사회가 승인한 범위 내에서 결정됩니다. 성과급 산정과 관련된 더 많은 정보가 필요하시면 언제든지 말씀해 주세요!성과급은 회사의 연간 사업 실적과 개인의 성과를 바탕으로 산정되며 매년 3월에 지급됩니다. 성과급은 두 가지로 나뉩니다:

- **조직성과급**: 부서별 KPI 달성률을 기반으로 합니다.
- **개인성과급**: 개인의 평가 등급(S, A, B 등급)에 따라 다르게 지급됩니다.

성과급의 총액은 이사회가 승인한 범위 내에서 결정됩니다. 더 궁금한 점이 있으면 언제든지 말씀해 주세요!",,
3,입사 시 노트북이나 업무 장비도 지원되나요?,"입사 시 기본 업무 장비로 노트북 (Windows 또는 macOS), 마우스 , 키보드 , 도킹 스테이 션 및 모니터 1대가 기본 제공됩니다 . 노트북 사양은 직무에 따라 차등 지급되며 , 개발·디자인 직군은 고사양 장비를 별도로 지원받습니다 . ","입사 시 기본 업무 장비로 노트북(Windows 또는 macOS), 마우스, 키보드, 도킹 스테이션 및 모니터 1대가 기본 제공됩니다. 직무에 따라 노트북 사양이 차등 지급되며, 개발 및 디자인 직군은 고사양 장비를 별도로 지원받습니다. 추가로 필요한 장비가 있는 경우, 부서장의 승인을 받아 신청할 수 있으며 일부 장비는 대여 형태로 운영됩니다.

다른 질문이 있으시면 언제든지 말씀해 주세요!입사 시 기본적으로 제공되는 업무 장비는 다음과 같습니다:

- **노트북** (Windows 또는 macOS)
- **마우스 및 키보드**
- **도킹 스테이션**
- **모니터 1대**

직무에 따라 노트북 사양이 다를 수 있으며, 개발 및 디자인 직군은 고사양 장비를 지원받습니다. 추가 장비가 필요할 경우, 부서장 승인 후 신청할 수 있으며 일부 장비는 대여 형태로 제공됩니다. 추가 문의사항이 있으면 언제든지 말씀해 주세요!",,
4,기본 근무 시간은 어떻게 되나요 ? ,"우리 회사의 기본 근무시간은 주 5일, 1일 8시간, 주 40시간입니다 . 기본 출근 시간은 오전 9시, 퇴근 시간은 오후 6시이며 , **점심시간 1시간(12:00~13:00)** 은 근무 시간에 포함되지 않습니다 . 유연근무제 참여자는 오전 7시~오전 11시 사이에 출근, 그에 따라 퇴근 시간을 조정 할 수 있습니다 . 단, 오전 10시~오후 4시는 코어타임으로 반드시 근무해야 하며, 이 시간대에 회의나 협업이 집중됩니다 .","기본 근무 시간은 주 5일, 하루 8시간, 주 40시간으로 구성됩니다. 출근 시간은 오전 9시이며 퇴근 시간은 오후 6시입니다. 점심시간은 1시간(12:00~13:00)이며 근무 시간에 포함되지 않습니다.

유연근무제를 사용하는 경우, 특정 시간대(오전 10시~오후 4시)는 코어타임으로, 이 시간 동안은 근무 상태를 유지해야 합니다. 출퇴근 시간은 오전 7시에서 오전 11시 사이에 유연하게 조정할 수 있습니다.

더 궁금한 사항이 있으면 언제든지 말씀해 주세요!기본 근무 시간은 주 5일 근무, 하루 8시간으로 주 40시간 입니다. 출근 시간은 오전 9시, 퇴근 시간은 오후 6시로, 점심시간 1시간은 근무 시간에 포함되지 않습니다. 유연근무제를 활용할 경우, 코어타임(오전 10시~오후 4시)을 포함하여 출퇴근 시간을 오전 7시부터 오전 11시 사이에 유연하게 조정할 수 있습니다. 추가 질문이 있으시면 언제든지 말씀해 주세요!",,
5,징계 사유는 뭐가 있나요?," 징계는 다음과 같은 사유가 발생했을 경우 회사 내 인사규정에 따라 진행됩니다 : - 반복적인 지각, 무단결근 , 근무태도 불량 - 업무상 명백한 과실 또는 중대한 실수 - 성희롱 , 직장 내 괴롭힘 , 폭언·폭행 등 윤리 위반 - 회사 자산의 무단 사용 또는 유출 - 보안규정 위반 및 개인정보 유출 사안의 중대성에 따라 경고, 감봉, 정직, 해고 등의 징계가 결정됩니다 .","징계는 회사 내 인사 규정에 따라 다음과 같은 사유가 발생했을 경우 이루어집니다:

- 반복적인 지각, 무단결근, 근무태도 불량
- 업무상 명백한 과실 또는 중대한 실수
- 성희롱, 직장 내 괴롭힘, 폭언·폭행 등 윤리 위반
- 회사 자산의 무단 사용 또는 유출
- 보안규정 위반 및 개인정보 유출

이러한 사안의 중대성에 따라 경고, 감봉, 정직, 해고 등의 징계가 결정됩니다. 추가적인 질문이나 도움이 필요하시면 언제든지 말씀해 주세요!징계 사유는 회사의 인사 규정에 따라 다르지만, 일반적으로 다음과 같은 사유가 포함됩니다:

- **지각, 무단결근, 근무태도 불량**의 반복
- **업무상 과실**이나 중대한 실수
- **성희롱, 직장 내 괴롭힘, 폭언·폭행** 등 윤리 규정 위반
- 회사 자산의 **무단 사용 또는 유출**
- **보안규정 위반 및 개인정보 유출**

이와 같은 사유에 따라 경고, 감봉, 정직, 해고 등의 징계 조치가 취해질 수 있습니다. 추가 질문이 있으시면 언제든지 말씀해 주세요!",,
